State_UT,Latitude,Longitude,time,temperature_2m_mean,temperature_2m_max,temperature_2m_min,relative_humidity_2m_mean,dew_point_2m_mean,precipitation_sum,wind_speed_10m_mean,wind_direction_10m_dominant,pressure_msl_mean
Andhra_Pradesh,16.5062,80.648,2024-02-01,26.5,33.4,21.2,73,20.4,1.6,2.24,138,1014.5
Andhra_Pradesh,16.5062,80.648,2024-02-02,27.3,33.1,21.3,74,21.5,0.5,2.23,164,1014.1
Andhra_Pradesh,16.5062,80.648,2024-02-03,27.0,32.3,22.7,75,21.5,0.3,1.73,130,1015.1
Andhra_Pradesh,16.5062,80.648,2024-02-04,26.7,32.9,22.0,75,21.3,0.4,2.27,123,1016.5
Andhra_Pradesh,16.5062,80.648,2024-02-05,27.4,33.8,21.8,73,21.3,0.1,1.97,140,1016.4
Andhra_Pradesh,16.5062,80.648,2024-02-06,28.0,35.1,22.3,72,21.6,0.1,1.71,166,1015.8
Andhra_Pradesh,16.5062,80.648,2024-02-07,28.7,36.3,23.2,69,21.3,0.0,1.24,170,1014.9
Andhra_Pradesh,16.5062,80.648,2024-02-08,29.0,36.5,23.6,65,20.4,0.0,1.24,176,1013.9
Andhra_Pradesh,16.5062,80.648,2024-02-09,27.9,33.4,23.8,74,22.5,1.7,2.61,122,1015.2
Andhra_Pradesh,16.5062,80.648,2024-02-10,27.6,33.3,23.3,73,21.9,2.1,3.56,122,1016.5
Andhra_Pradesh,16.5062,80.648,2024-02-11,26.7,33.5,21.9,70,20.2,0.0,3.11,120,1017.2
Andhra_Pradesh,16.5062,80.648,2024-02-12,25.7,33.1,20.1,71,18.9,0.0,3.04,110,1017.0
Andhra_Pradesh,16.5062,80.648,2024-02-13,25.9,33.6,20.1,73,19.7,0.0,2.54,108,1016.4
Andhra_Pradesh,16.5062,80.648,2024-02-14,26.2,34.2,20.1,70,18.9,0.0,2.4,110,1015.5
Andhra_Pradesh,16.5062,80.648,2024-02-15,26.3,34.5,20.6,69,18.3,0.0,2.38,111,1015.4
Andhra_Pradesh,16.5062,80.648,2024-02-16,25.7,35.2,18.5,62,14.8,0.0,2.23,104,1015.8
Andhra_Pradesh,16.5062,80.648,2024-02-17,25.7,34.6,18.4,66,16.8,0.0,1.57,130,1014.1
Andhra_Pradesh,16.5062,80.648,2024-02-18,27.1,35.3,20.0,69,19.5,0.1,2.43,145,1012.9
Andhra_Pradesh,16.5062,80.648,2024-02-19,27.5,35.1,21.1,66,18.6,0.0,2.82,171,1013.1
Andhra_Pradesh,16.5062,80.648,2024-02-20,28.2,36.5,21.7,68,20.0,0.0,3.14,176,1012.3
Andhra_Pradesh,16.5062,80.648,2024-02-21,28.2,36.2,21.7,63,18.4,0.0,3.05,173,1010.8
Andhra_Pradesh,16.5062,80.648,2024-02-22,28.8,36.2,22.4,68,20.8,0.0,3.16,166,1010.8
Andhra_Pradesh,16.5062,80.648,2024-02-23,29.2,34.7,24.6,70,22.6,1.0,2.76,147,1011.0
Andhra_Pradesh,16.5062,80.648,2024-02-24,27.9,33.2,22.6,75,22.5,2.7,3.44,139,1011.7
Andhra_Pradesh,16.5062,80.648,2024-02-25,28.6,34.0,24.0,68,21.4,0.0,3.4,133,1011.9
Andhra_Pradesh,16.5062,80.648,2024-02-26,27.9,33.9,23.7,68,20.5,0.6,3.66,115,1013.3
Andhra_Pradesh,16.5062,80.648,2024-02-27,27.7,35.4,21.9,68,19.7,0.0,2.73,108,1013.4
Andhra_Pradesh,16.5062,80.648,2024-02-28,28.1,35.5,22.7,67,19.6,0.0,2.25,116,1012.6
Andhra_Pradesh,16.5062,80.648,2024-02-29,29.1,36.1,22.3,65,20.4,0.0,1.8,127,1012.5
Arunachal_Pradesh,27.0844,93.6053,2024-02-01,14.3,19.0,10.6,78,10.4,5.5,1.9,32,1018.2
Arunachal_Pradesh,27.0844,93.6053,2024-02-02,13.8,17.4,11.2,80,10.3,25.8,1.81,44,1015.8
Arunachal_Pradesh,27.0844,93.6053,2024-02-03,13.6,17.8,9.8,87,11.3,2.0,1.35,35,1016.7
Arunachal_Pradesh,27.0844,93.6053,2024-02-04,14.5,19.9,8.9,70,8.8,0.1,1.65,38,1018.3
Arunachal_Pradesh,27.0844,93.6053,2024-02-05,13.7,15.0,12.2,88,11.7,3.3,1.37,40,1018.1
Arunachal_Pradesh,27.0844,93.6053,2024-02-06,14.4,17.6,12.0,88,12.4,5.9,1.49,57,1016.7
Arunachal_Pradesh,27.0844,93.6053,2024-02-07,14.1,18.7,10.4,83,11.1,0.9,1.98,48,1016.4
Arunachal_Pradesh,27.0844,93.6053,2024-02-08,14.2,17.5,11.6,77,10.2,0.5,1.3,46,1016.2
Arunachal_Pradesh,27.0844,93.6053,2024-02-09,14.7,20.9,8.6,74,9.7,0.0,1.02,3,1018.9
Arunachal_Pradesh,27.0844,93.6053,2024-02-10,15.6,22.3,9.5,73,10.4,0.0,1.13,334,1018.7
Arunachal_Pradesh,27.0844,93.6053,2024-02-11,16.3,23.7,10.5,66,9.6,0.0,1.27,17,1018.6
Arunachal_Pradesh,27.0844,93.6053,2024-02-12,16.7,24.4,11.0,67,10.2,0.0,1.22,302,1018.7
Arunachal_Pradesh,27.0844,93.6053,2024-02-13,16.9,23.5,11.6,66,10.2,0.0,1.27,350,1018.6
Arunachal_Pradesh,27.0844,93.6053,2024-02-14,17.1,24.1,11.5,63,9.7,0.0,1.13,354,1017.6
Arunachal_Pradesh,27.0844,93.6053,2024-02-15,17.6,22.3,13.6,70,11.9,0.1,1.62,49,1018.7
Arunachal_Pradesh,27.0844,93.6053,2024-02-16,17.3,23.8,11.1,70,11.4,0.0,1.12,17,1017.8
Arunachal_Pradesh,27.0844,93.6053,2024-02-17,17.4,23.3,11.5,70,11.6,0.2,1.39,354,1014.0
Arunachal_Pradesh,27.0844,93.6053,2024-02-18,18.0,22.6,14.3,76,13.5,1.1,1.39,33,1014.9
Arunachal_Pradesh,27.0844,93.6053,2024-02-19,18.0,23.5,13.1,72,12.7,0.4,1.16,27,1014.5
Arunachal_Pradesh,27.0844,93.6053,2024-02-20,16.7,20.7,13.4,82,13.4,3.8,1.67,22,1012.3
Arunachal_Pradesh,27.0844,93.6053,2024-02-21,16.9,19.6,15.2,88,14.9,16.3,1.9,349,1010.6
Arunachal_Pradesh,27.0844,93.6053,2024-02-22,16.5,19.3,12.6,89,14.7,8.7,2.01,253,1012.1
Arunachal_Pradesh,27.0844,93.6053,2024-02-23,17.1,22.6,11.6,79,13.2,11.8,1.97,262,1013.2
Arunachal_Pradesh,27.0844,93.6053,2024-02-24,16.0,21.5,11.7,81,12.6,0.2,1.93,35,1016.6
Arunachal_Pradesh,27.0844,93.6053,2024-02-25,14.5,19.6,10.4,78,10.7,1.5,1.39,26,1017.6
Arunachal_Pradesh,27.0844,93.6053,2024-02-26,14.9,21.9,8.5,70,9.1,0.0,1.0,38,1018.0
Arunachal_Pradesh,27.0844,93.6053,2024-02-27,16.4,23.4,10.7,63,9.0,0.0,1.29,5,1014.6
Arunachal_Pradesh,27.0844,93.6053,2024-02-28,16.6,21.5,12.6,65,9.9,0.0,1.28,22,1012.8
Arunachal_Pradesh,27.0844,93.6053,2024-02-29,17.7,22.7,12.9,73,12.6,4.8,1.35,37,1014.4
Assam,26.1445,91.7362,2024-02-01,16.2,22.3,12.8,86,13.6,0.1,1.67,97,1017.2
Assam,26.1445,91.7362,2024-02-02,16.0,21.3,11.7,85,13.4,2.2,1.31,95,1014.7
Assam,26.1445,91.7362,2024-02-03,16.6,22.9,10.4,74,11.4,0.1,1.53,360,1015.4
Assam,26.1445,91.7362,2024-02-04,17.1,22.9,10.5,69,11.0,0.0,1.44,91,1017.5
Assam,26.1445,91.7362,2024-02-05,16.8,21.4,12.7,76,12.3,0.7,1.33,71,1016.8
Assam,26.1445,91.7362,2024-02-06,16.8,22.0,12.7,85,14.0,2.4,1.38,352,1015.9
Assam,26.1445,91.7362,2024-02-07,17.3,21.9,12.9,74,12.2,0.6,1.46,256,1015.4
Assam,26.1445,91.7362,2024-02-08,16.1,21.9,10.4,71,10.3,0.0,1.34,281,1015.6
Assam,26.1445,91.7362,2024-02-09,16.0,23.3,10.2,75,11.0,0.0,1.45,111,1018.6
Assam,26.1445,91.7362,2024-02-10,16.9,25.0,9.9,71,10.9,0.0,1.88,108,1018.3
Assam,26.1445,91.7362,2024-02-11,18.4,26.7,10.9,66,11.1,0.0,1.52,164,1018.2
Assam,26.1445,91.7362,2024-02-12,19.5,27.0,13.0,60,11.0,0.0,1.76,248,1018.5
Assam,26.1445,91.7362,2024-02-13,19.4,27.4,12.2,58,10.2,0.0,1.51,246,1018.2
Assam,26.1445,91.7362,2024-02-14,19.8,27.0,11.5,56,10.0,0.0,1.41,189,1016.9
Assam,26.1445,91.7362,2024-02-15,20.1,26.5,15.9,71,14.2,2.6,1.55,62,1017.7
Assam,26.1445,91.7362,2024-02-16,19.7,26.9,13.6,77,14.9,0.0,1.54,83,1017.2
Assam,26.1445,91.7362,2024-02-17,19.9,25.6,15.0,70,14.0,0.9,1.87,255,1013.4
Assam,26.1445,91.7362,2024-02-18,20.7,27.0,13.9,58,11.6,0.1,1.6,270,1013.9
Assam,26.1445,91.7362,2024-02-19,19.4,26.6,12.7,67,12.6,1.6,1.24,221,1014.0
Assam,26.1445,91.7362,2024-02-20,19.6,26.7,12.8,69,13.1,0.9,1.47,39,1011.1
Assam,26.1445,91.7362,2024-02-21,19.3,25.0,15.2,85,16.4,19.6,1.57,78,1009.8
Assam,26.1445,91.7362,2024-02-22,17.6,23.3,14.1,89,15.6,1.4,1.39,190,1011.3
Assam,26.1445,91.7362,2024-02-23,18.8,24.8,13.8,77,14.4,0.9,1.44,255,1013.0
Assam,26.1445,91.7362,2024-02-24,18.4,25.5,11.8,67,11.7,0.0,1.68,249,1015.4
Assam,26.1445,91.7362,2024-02-25,17.5,22.8,13.0,72,12.3,0.7,1.49,101,1016.5
Assam,26.1445,91.7362,2024-02-26,16.9,23.6,10.8,80,12.9,0.0,1.88,94,1017.2
Assam,26.1445,91.7362,2024-02-27,18.1,26.1,10.6,74,13.0,0.0,1.24,249,1014.3
Assam,26.1445,91.7362,2024-02-28,20.0,26.3,13.7,58,10.8,0.0,2.03,257,1012.1
Assam,26.1445,91.7362,2024-02-29,19.6,26.7,12.1,65,12.4,0.0,1.41,29,1013.3
Bihar,25.5941,85.1376,2024-02-01,16.6,23.9,10.7,76,11.9,0.0,2.12,51,1016.3
Bihar,25.5941,85.1376,2024-02-02,17.4,23.3,11.5,72,11.9,0.0,3.01,278,1015.3
Bihar,25.5941,85.1376,2024-02-03,17.3,22.9,12.6,68,10.8,0.0,3.72,264,1015.5
Bihar,25.5941,85.1376,2024-02-04,16.9,23.3,12.2,68,10.6,0.0,2.35,276,1017.3
Bihar,25.5941,85.1376,2024-02-05,16.7,20.3,14.2,88,14.7,4.8,2.0,251,1017.2
Bihar,25.5941,85.1376,2024-02-06,17.5,23.2,14.0,84,14.5,0.0,2.83,280,1016.8
Bihar,25.5941,85.1376,2024-02-07,16.2,21.5,11.5,67,9.6,0.0,4.41,265,1016.9
Bihar,25.5941,85.1376,2024-02-08,15.2,20.0,11.9,64,8.4,0.0,4.4,263,1016.5
Bihar,25.5941,85.1376,2024-02-09,14.1,20.5,8.6,73,9.0,0.0,1.96,282,1019.6
Bihar,25.5941,85.1376,2024-02-10,14.8,22.1,8.7,74,9.8,0.0,2.55,289,1019.9
Bihar,25.5941,85.1376,2024-02-11,15.7,23.2,8.4,73,10.3,0.0,2.07,275,1019.7
Bihar,25.5941,85.1376,2024-02-12,17.8,25.0,11.2,71,12.1,0.0,1.7,360,1019.1
Bihar,25.5941,85.1376,2024-02-13,18.5,24.3,13.8,81,15.0,1.2,1.99,82,1018.0
Bihar,25.5941,85.1376,2024-02-14,18.9,23.0,16.0,90,17.1,2.5,1.19,288,1016.9
Bihar,25.5941,85.1376,2024-02-15,18.1,24.3,14.3,86,15.5,0.0,1.75,277,1018.1
Bihar,25.5941,85.1376,2024-02-16,18.8,25.3,13.3,80,15.0,0.0,2.14,272,1018.3
Bihar,25.5941,85.1376,2024-02-17,19.1,25.5,14.7,73,13.8,0.0,3.04,263,1014.3
Bihar,25.5941,85.1376,2024-02-18,17.8,25.0,11.2,73,12.3,0.0,2.1,287,1013.8
Bihar,25.5941,85.1376,2024-02-19,18.7,26.2,12.2,73,13.3,0.0,2.18,79,1013.7
Bihar,25.5941,85.1376,2024-02-20,21.1,28.0,14.5,72,15.3,0.0,2.11,131,1010.8
Bihar,25.5941,85.1376,2024-02-21,21.1,27.6,15.3,75,16.1,2.3,2.52,278,1009.6
Bihar,25.5941,85.1376,2024-02-22,20.3,24.8,17.4,80,16.7,5.8,1.78,234,1011.1
Bihar,25.5941,85.1376,2024-02-23,18.6,24.7,13.4,68,11.8,0.0,2.57,270,1013.8
Bihar,25.5941,85.1376,2024-02-24,17.9,23.8,11.1,53,7.9,0.0,1.65,290,1015.8
Bihar,25.5941,85.1376,2024-02-25,18.9,25.2,13.9,59,10.4,0.0,2.38,267,1016.3
Bihar,25.5941,85.1376,2024-02-26,19.0,26.0,12.9,57,10.0,0.0,2.05,299,1016.8
Bihar,25.5941,85.1376,2024-02-27,19.1,26.2,13.3,65,11.9,0.0,2.14,261,1015.5
Bihar,25.5941,85.1376,2024-02-28,19.7,26.3,14.0,65,12.2,0.0,3.51,258,1013.5
Bihar,25.5941,85.1376,2024-02-29,20.0,26.3,14.7,61,11.7,0.0,2.96,266,1013.7
Chhattisgarh,21.2514,81.6296,2024-02-01,22.1,28.1,16.5,71,16.2,0.1,1.53,235,1014.5
Chhattisgarh,21.2514,81.6296,2024-02-02,21.7,27.1,16.7,76,16.8,0.0,1.4,9,1015.4
Chhattisgarh,21.2514,81.6296,2024-02-03,21.9,28.1,15.4,51,10.8,0.0,1.41,29,1016.9
Chhattisgarh,21.2514,81.6296,2024-02-04,21.0,28.9,14.3,56,11.3,0.0,1.7,108,1017.2
Chhattisgarh,21.2514,81.6296,2024-02-05,23.1,31.4,14.9,59,14.3,0.0,2.11,241,1015.4
Chhattisgarh,21.2514,81.6296,2024-02-06,25.1,31.9,19.2,62,16.7,0.0,3.03,256,1014.9
Chhattisgarh,21.2514,81.6296,2024-02-07,23.3,29.6,18.1,70,17.3,0.0,1.77,26,1016.4
Chhattisgarh,21.2514,81.6296,2024-02-08,21.6,27.5,16.9,45,8.7,0.0,2.37,19,1017.1
Chhattisgarh,21.2514,81.6296,2024-02-09,19.5,26.5,13.6,46,7.0,0.0,2.1,55,1017.7
Chhattisgarh,21.2514,81.6296,2024-02-10,20.9,28.8,13.3,52,10.3,0.0,1.74,54,1017.7
Chhattisgarh,21.2514,81.6296,2024-02-11,21.9,28.2,17.6,69,15.7,4.2,2.01,54,1018.0
Chhattisgarh,21.2514,81.6296,2024-02-12,21.3,28.2,16.6,84,18.2,9.5,1.54,109,1017.8
Chhattisgarh,21.2514,81.6296,2024-02-13,23.4,30.6,17.7,70,16.7,0.0,1.67,283,1016.1
Chhattisgarh,21.2514,81.6296,2024-02-14,23.9,31.2,17.9,63,15.7,0.0,2.06,266,1015.1
Chhattisgarh,21.2514,81.6296,2024-02-15,22.5,28.6,18.1,72,16.7,0.0,1.98,34,1016.7
Chhattisgarh,21.2514,81.6296,2024-02-16,23.7,30.9,16.5,67,16.5,1.4,1.82,36,1017.0
Chhattisgarh,21.2514,81.6296,2024-02-17,24.3,30.6,17.5,59,15.0,1.2,2.01,330,1014.2
Chhattisgarh,21.2514,81.6296,2024-02-18,24.7,31.6,18.7,55,14.7,0.0,1.64,91,1012.5
Chhattisgarh,21.2514,81.6296,2024-02-19,25.3,33.5,16.5,52,13.6,0.0,1.77,244,1012.2
Chhattisgarh,21.2514,81.6296,2024-02-20,25.9,33.6,19.3,44,12.0,0.0,2.75,257,1011.3
Chhattisgarh,21.2514,81.6296,2024-02-21,25.7,33.2,18.3,43,11.4,0.0,3.14,247,1009.5
Chhattisgarh,21.2514,81.6296,2024-02-22,24.7,31.2,18.1,44,10.8,0.0,3.02,270,1010.4
Chhattisgarh,21.2514,81.6296,2024-02-23,23.5,29.6,17.9,49,11.5,0.0,1.71,35,1012.7
Chhattisgarh,21.2514,81.6296,2024-02-24,23.8,31.1,17.4,47,11.6,0.0,2.13,56,1012.2
Chhattisgarh,21.2514,81.6296,2024-02-25,23.8,29.3,18.4,63,16.1,0.1,2.57,46,1013.3
Chhattisgarh,21.2514,81.6296,2024-02-26,24.0,29.8,19.1,77,19.5,0.8,2.33,94,1014.7
Chhattisgarh,21.2514,81.6296,2024-02-27,24.3,31.9,19.9,76,19.2,1.2,2.15,254,1014.3
Chhattisgarh,21.2514,81.6296,2024-02-28,24.1,31.1,18.5,69,17.3,0.0,1.66,299,1013.7
Chhattisgarh,21.2514,81.6296,2024-02-29,24.8,33.0,17.7,55,13.8,0.0,1.89,54,1013.4
Goa,15.4909,73.8278,2024-02-01,25.3,30.1,20.8,67,18.3,0.0,3.13,329,1014.8
Goa,15.4909,73.8278,2024-02-02,24.5,29.6,18.7,67,17.4,0.0,2.51,323,1014.3
Goa,15.4909,73.8278,2024-02-03,25.2,31.2,18.8,74,19.7,0.0,2.27,281,1013.5
Goa,15.4909,73.8278,2024-02-04,27.1,33.0,21.3,67,19.9,0.0,2.38,314,1014.6
Goa,15.4909,73.8278,2024-02-05,27.7,32.4,21.8,68,21.0,0.0,2.55,313,1014.6
Goa,15.4909,73.8278,2024-02-06,28.3,34.1,23.0,61,19.6,0.0,3.08,322,1013.9
Goa,15.4909,73.8278,2024-02-07,28.1,34.4,22.5,58,18.6,0.0,2.9,321,1014.0
Goa,15.4909,73.8278,2024-02-08,28.2,35.1,21.8,55,17.8,0.0,3.37,324,1012.8
Goa,15.4909,73.8278,2024-02-09,27.0,32.5,21.0,55,16.9,0.0,2.82,316,1012.9
Goa,15.4909,73.8278,2024-02-10,26.3,31.5,19.0,69,20.0,0.0,2.95,265,1014.1
Goa,15.4909,73.8278,2024-02-11,27.0,31.7,21.2,65,19.6,0.0,3.04,287,1014.5
Goa,15.4909,73.8278,2024-02-12,27.5,32.6,20.9,50,15.9,0.0,2.95,321,1013.5
Goa,15.4909,73.8278,2024-02-13,26.8,31.9,20.4,52,15.8,0.0,2.8,314,1013.6
Goa,15.4909,73.8278,2024-02-14,27.0,32.8,20.2,51,15.7,0.0,2.82,319,1012.9
Goa,15.4909,73.8278,2024-02-15,26.6,32.5,19.7,62,18.5,0.0,2.47,288,1012.2
Goa,15.4909,73.8278,2024-02-16,27.6,34.8,21.6,58,17.3,0.0,2.84,329,1012.7
Goa,15.4909,73.8278,2024-02-17,27.4,34.1,20.9,57,17.5,0.0,2.84,309,1011.7
Goa,15.4909,73.8278,2024-02-18,26.9,31.8,20.7,74,21.4,0.0,2.56,284,1011.3
Goa,15.4909,73.8278,2024-02-19,26.5,31.5,21.1,79,22.3,0.0,2.58,297,1011.8
Goa,15.4909,73.8278,2024-02-20,26.5,31.5,21.5,72,20.8,0.0,3.33,314,1012.0
Goa,15.4909,73.8278,2024-02-21,26.9,33.7,20.3,62,18.3,0.0,4.57,323,1011.5
Goa,15.4909,73.8278,2024-02-22,26.2,31.7,21.8,68,19.5,0.0,4.76,327,1012.3
Goa,15.4909,73.8278,2024-02-23,26.3,34.0,20.2,61,16.7,0.0,4.02,327,1011.9
Goa,15.4909,73.8278,2024-02-24,25.6,31.2,19.2,61,17.1,0.0,2.93,314,1011.5
Goa,15.4909,73.8278,2024-02-25,25.7,31.6,18.6,64,17.7,0.0,2.77,283,1010.2
Goa,15.4909,73.8278,2024-02-26,27.5,33.2,21.5,69,20.6,0.0,2.77,294,1009.7
Goa,15.4909,73.8278,2024-02-27,27.8,32.9,22.3,67,20.8,0.0,3.13,308,1010.9
Goa,15.4909,73.8278,2024-02-28,28.5,33.2,22.8,58,19.3,0.0,2.8,291,1010.0
Goa,15.4909,73.8278,2024-02-29,28.7,33.9,24.6,64,21.0,0.0,2.8,197,1010.0
